Date,Open,High,Low,Close,Volume,Dividends,Stock Splits,Daily_Return,MA_7,MA_30
2025-04-17 00:00:00-04:00,196.3442601625108,197.9671917432912,193.5763250102755,196.12521362304688,52164700,0.0,0.0,0.013949748781774352,196.76100376674103,209.34060567220052
2025-04-21 00:00:00-04:00,192.43131586910096,192.9590147372882,188.9863237329868,192.32179260253903,46742500,0.0,0.0,-0.01939282028173095,195.95167541503903,207.81691335042316
2025-04-22 00:00:00-04:00,195.26892870764283,200.7151927551101,195.1195857124949,198.87322998046875,52976400,0.0,0.0,0.034064976668916724,197.27732413155692,206.8962595621745
2025-04-23 00:00:00-04:00,205.1060461943045,207.0973670311424,201.9199358938783,203.71212768554688,52929200,0.0,0.0,0.02433156893742483,198.19475446428572,206.3572748819987
2025-04-24 00:00:00-04:00,204.00086522918792,207.923769760626,202.05933042602183,207.46575927734372,47311000,0.0,0.0,0.018426156726373266,199.02684238978796,206.07151997884114
2025-04-25 00:00:00-04:00,205.4744504992001,208.8397878176709,205.30519003897632,208.371826171875,38222300,0.0,0.0,0.0043673081171917705,200.04241507393974,206.05824483235676
2025-04-28 00:00:00-04:00,209.088696522261,210.5821872117057,206.55972563953333,209.22808837890625,38743100,0.0,0.0,0.004109299336489736,202.29971967424666,205.94706268310546
2025-04-29 00:00:00-04:00,207.784388363366,211.31898611202763,207.46576971677675,210.29345703125,36827600,0.0,0.0,0.005091900712749453,204.3237544468471,205.8544667561849
2025-04-30 00:00:00-04:00,208.39172484027225,212.65315013853836,205.77313312562185,211.5778350830078,52286500,0.0,0.0,0.006107551180572157,207.07461765834265,205.84816080729166
2025-05-01 00:00:00-04:00,208.17271138967985,213.62892699621813,207.99348458901505,212.39431762695312,57365700,0.0,0.0,0.0038590173853749743,209.0062016078404,205.78443908691406
2025-05-02 00:00:00-04:00,205.19567188008236,206.0917754590827,201.2827333487594,204.4588928222656,101010600,0.0,0.0,-0.037361756629596954,209.11288234165735,205.4940383911133
2025-05-05 00:00:00-04:00,202.2186538992821,203.21431440062256,197.34987465543003,198.02691650390625,69018500,0.0,0.0,-0.0314585305122953,207.7644762311663,204.85084126790363
2025-05-06 00:00:00-04:00,197.3498735756035,199.7792724238197,196.1650351546796,197.6485595703125,51216500,0.0,0.0,-0.0019106338687361335,206.23258100237166,204.11338857014974
2025-05-07 00:00:00-04:00,198.3057033514284,198.574535944944,192.41139491378885,195.39837646484372,68536700,0.0,0.0,-0.011384768552630375,204.2569078717913,203.20070037841796
2025-05-08 00:00:00-04:00,196.86199326420865,199.1818840286168,193.83517686729027,196.63299560546875,50478900,0.0,0.0,0.006318471846910034,202.30541338239397,202.40284423828126
2025-05-09 00:00:00-04:00,198.1364339272832,199.6697443694255,196.6827629534363,197.66847229003903,36453900,0.0,0.0,0.00526603727610353,200.31836155482702,201.56250610351563
2025-05-12 00:00:00-04:00,210.32995926202443,210.6290521628615,206.1227607044075,210.15049743652344,63775800,0.26,0.0,0.0631462620309502,199.99781581333704,201.33570861816406
2025-05-13 00:00:00-04:00,209.79158118866215,212.75257189298435,208.36592688565327,212.28399658203125,51909300,0.0,0.0,0.01015224408951143,201.11568777901786,201.03963979085287
2025-05-14 00:00:00-04:00,211.78549375335476,213.2909222465589,209.9411156617564,211.6858062744141,49325800,0.0,0.0,-0.002817877547288461,203.06695774623327,200.6884511311849
2025-05-15 00:00:00-04:00,210.310003869238,212.3139155435744,208.90427796298636,210.80848693847656,45029500,0.0,0.0,-0.004144441006121324,204.9469473702567,200.2847869873047
2025-05-16 00:00:00-04:00,211.71573318604425,211.92510277199543,209.1335944967917,210.6190643310547,54737900,0.0,0.0,-0.000898553042967154,207.12133135114397,200.5618138631185
2025-05-19 00:00:00-04:00,207.27923550566183,208.84446444770492,203.64029993754312,208.14659118652344,46140500,0.0,0.0,-0.011739075721298287,208.76613071986608,201.24794921875
2025-05-20 00:00:00-04:00,207.03996203611737,207.83753801206535,204.40797196423648,206.232421875,42496600,0.0,0.0,-0.009196255872420789,209.9895520891462,202.09994455973307
2025-05-21 00:00:00-04:00,204.54755595275296,206.4118779017609,200.10109516487896,201.47689819335935,59211800,0.0,0.0,-0.02305904977696982,208.7504664829799,203.09344787597655
2025-05-22 00:00:00-04:00,200.1010930441042,202.13489740214877,199.0941474443519,200.7491149902344,46742400,0.0,0.0,-0.003612241451258047,207.10262625558036,203.18551534016927
2025-05-23 00:00:00-04:00,193.0824298832746,197.10020219746903,192.8730755135501,194.67758178710935,78432900,0.0,0.0,-0.030244383410708453,204.6728799002511,203.3549784342448
2025-05-27 00:00:00-04:00,197.6983910952664,200.1309909415137,196.83102019804124,199.60260009765625,56288500,0.0,0.0,0.02529833309688767,203.07203892299108,203.43206125895182
2025-05-28 00:00:00-04:00,199.98143310081724,202.11494001836,199.2935240345892,199.81195068359372,45339700,0.0,0.0,0.0010488369682311038,201.52816554478235,203.37108815511067
2025-05-29 00:00:00-04:00,202.96236033905296,203.19165828241367,197.90773491315443,199.34336853027344,51396800,0.0,0.0,-0.0023451157536732437,200.27056230817522,203.3071065266927
2025-05-30 00:00:00-04:00,198.7651407343476,201.3472946799051,196.18300200128655,200.24066162109372,70819900,0.0,0.0,0.004501243745582695,199.41459655761716,203.53423004150392
2025-06-02 00:00:00-04:00,199.6723835925692,201.51677709467236,199.51286535414476,201.08807373046875,35423300,0.0,0.0,0.004231968185255841,199.35905020577565,203.6996587117513
2025-06-03 00:00:00-04:00,200.73914706631285,203.1518034040851,200.3503308633764,202.6533203125,46381600,0.0,0.0,0.007783885702387527,199.63107953752788,204.04404296875
2025-06-04 00:00:00-04:00,202.29440469878628,205.6143037964219,201.48686455307688,202.2046813964844,43604000,0.0,0.0,-0.002213824650510454,200.70637948172433,204.15509134928385
2025-06-05 00:00:00-04:00,202.8826044104843,204.12881205428332,199.54276184010465,200.0213165283203,55126100,0.0,0.0,-0.010797795842732882,200.76619611467635,204.03206431070964
2025-06-06 00:00:00-04:00,202.38413874603316,205.07594444547604,201.43702389784912,203.3013458251953,46607700,0.0,0.0,0.016398398699723593,201.26468113490515,203.89325052897135
2025-06-09 00:00:00-04:00,203.7699042317972,205.3750202901374,199.41316716451476,200.8388214111328,72862600,0.0,0.0,-0.012112681320761376,201.4783172607422,203.64215037027995
2025-06-10 00:00:00-04:00,199.99141796230995,203.73004106569937,199.9615101944825,202.0551300048828,54672600,0.0,0.0,0.006056142857262303,201.7375270298549,203.4030517578125
2025-06-11 00:00:00-04:00,202.88260699920767,203.8795731269679,197.80805305990708,198.1769256591797,60989900,0.0,0.0,-0.019193793028711492,201.32164873395647,202.9991673787435
2025-06-12 00:00:00-04:00,198.476026276637,199.07419684911244,196.7612432530472,198.5956573486328,43904600,0.0,0.0,0.0021129184846335747,200.74198259626115,202.566428120931
2025-06-13 00:00:00-04:00,199.12403626091725,199.76209396079904,195.1062640673262,195.8539886474609,51447300,0.0,0.0,-0.013805280225029914,199.8347407749721,202.01508382161458
2025-06-16 00:00:00-04:00,196.701426450214,198.08720880439395,195.9636660151664,197.81802368164065,43020700,0.0,0.0,0.010028057369385612,199.51998465401786,201.7937215169271
2025-06-17 00:00:00-04:00,196.60172782081943,197.7881200100286,194.6177748569289,195.0464630126953,38856200,0.0,0.0,-0.014010657964138584,198.34071568080358,201.69437306722006
2025-06-18 00:00:00-04:00,195.34553910938877,196.97059871241268,194.4781834746436,195.9835968017578,45394700,0.0,0.0,0.004804669485349855,197.64711216517858,201.63887430826824
2025-06-20 00:00:00-04:00,197.63859168364692,201.0880863339216,196.26277341287405,200.3902130126953,96813500,0.0,0.0,0.022484617502937843,197.40926688058036,201.80526885986328
2025-06-23 00:00:00-04:00,201.01828233775663,201.686247808318,198.3563846401482,200.888671875,55814300,0.0,0.0,0.002487441151994396,197.7966591971261,201.94712473551434
2025-06-24 00:00:00-04:00,201.9753521214132,202.82277936444737,199.5926038267289,199.6923065185547,54064000,0.0,0.0,-0.0059553649555199595,197.9533233642578,202.01458587646485
2025-06-25 00:00:00-04:00,200.8388194477268,203.052085424857,200.0113357524488,200.948486328125,39525700,0.0,0.0,0.00629057689537782,198.68110874720983,201.70785217285157
2025-06-26 00:00:00-04:00,200.81890119127092,202.0252370277816,198.85489170599743,200.3902130126953,50799100,0.0,0.0,-0.002778191195320079,199.04856436593192,201.31139272054037
2025-06-27 00:00:00-04:00,201.27751091280396,202.6034778198992,199.39324535272064,200.469970703125,73188600,0.0,0.0,0.00039801190502575245,199.82335117885046,200.93753153483073
2025-06-30 00:00:00-04:00,201.39711462840117,206.7607970676305,198.65545787730727,204.5475311279297,91912800,0.0,0.0,0.02034000608920694,201.04677036830358,200.7288330078125
2025-07-01 00:00:00-04:00,206.04299395149744,209.55231908550664,205.5146031050056,207.18951416015625,78788900,0.0,0.0,0.012916230362977066,202.01809910365515,200.61451466878256
2025-07-02 00:00:00-04:00,208.2761972389462,212.69274987948137,207.5085290616707,211.7954864501953,67941800,0.0,0.0,0.02223072103194701,203.57621547154017,200.73614451090495
2025-07-03 00:00:00-04:00,211.5063683517463,213.9987837940836,211.1674035025876,212.90213012695312,34955800,0.0,0.0,0.005225057886292905,205.4633331298828,200.95846811930338
2025-07-07 00:00:00-04:00,212.0347473083985,215.57398008038285,208.16652910348648,209.3130340576172,50229000,0.0,0.0,-0.01685796223455238,206.65826851981026,201.21967264811198
2025-07-08 00:00:00-04:00,209.46258702266437,210.78853856973336,207.81758380403343,209.3728485107422,42848900,0.0,0.0,0.00028576554438819457,207.9415021623884,201.50713043212892
2025-07-09 00:00:00-04:00,208.8943192909964,210.6888614301138,206.59132988433592,210.4994354248047,48749400,0.0,0.0,0.005380768910944633,209.37428283691406,202.0345255533854
2025-07-10 00:00:00-04:00,209.87133445003573,212.8323250717279,209.39279496736208,211.7655792236328,44443600,0.0,0.0,0.006014951043801897,210.40543256487166,202.43995819091796
2025-07-11 00:00:00-04:00,209.9311570606941,211.4864217284832,209.22330444266436,210.5193634033203,39765800,0.0,0.0,-0.005884883770447158,210.8811253138951,202.7968719482422
2025-07-14 00:00:00-04:00,209.293099043616,210.27013683517245,206.91035052542597,207.9870758056641,38840100,0.0,0.0,-0.012028763324753111,210.33706665039065,203.08499552408855
2025-07-15 00:00:00-04:00,208.5852528191871,211.24715053377864,208.28615994072268,208.4755859375,42296300,0.0,0.0,0.0023487523440752778,209.70470319475447,203.35949300130207
2025-07-16 00:00:00-04:00,209.6619745482938,211.75559423754484,208.00700716596052,209.52239990234372,47490500,0.0,0.0,0.0050212784395653465,209.73461260114397,203.64063720703126
2025-07-17 00:00:00-04:00,209.93117746335784,211.1574416148312,208.9541396463333,209.38284301757807,48068100,0.0,0.0,-0.0006660714311724769,209.73604038783478,203.86495463053384
2025-07-18 00:00:00-04:00,210.23024956462243,211.1474566075158,209.06380098140497,210.539306640625,48974600,0.0,0.0,0.005523201454236792,209.74173627580916,204.1427754720052
2025-07-21 00:00:00-04:00,211.4565208835752,215.12534891613052,210.98794558852117,211.8353576660156,51377400,0.0,0.0,0.006155862513610666,209.751704624721,204.5365768432617
2025-07-22 00:00:00-04:00,212.4933703299684,214.29787667610697,211.5861274580158,213.74954223632807,46404100,0.0,0.0,0.009036190140318423,210.2131587437221,204.88485005696612
2025-07-23 00:00:00-04:00,214.3477172095632,214.4972560435483,211.76557859278188,213.5002899169922,46989300,0.0,0.0,-0.0011660952193305318,211.00076075962608,205.30689900716143
2025-07-24 00:00:00-04:00,213.251055366678,215.03563331063384,212.8821827557749,213.11148071289065,46022600,0.0,0.0,-0.0018211179209766115,211.66303144182476,205.67544403076172
2025-07-25 00:00:00-04:00,214.04862920984863,214.58699944946255,212.7525701732737,213.2311248779297,40268800,0.0,0.0,0.0005614158591493723,212.1928492954799,206.17725067138673
2025-07-28 00:00:00-04:00,213.3806606658472,214.19818019857897,212.41360229785764,213.40060424804688,37858000,0.0,0.0,0.0007948153451529105,212.76681518554688,206.67074890136718
2025-07-29 00:00:00-04:00,213.53018805628847,214.15828155569844,210.18039662608905,210.6290283203125,51411700,0.0,0.0,-0.012987666728969671,212.77963256835938,207.1632502237956
2025-07-30 00:00:00-04:00,211.2571158132724,211.74563469104575,207.0898047125579,208.415771484375,45512500,0.0,0.0,-0.010507843356575286,212.29112025669642,207.51650848388672
2025-07-31 00:00:00-04:00,207.85746883247032,209.2033639475293,206.5315020865265,206.9402618408203,80698400,0.0,0.0,-0.007079644851470834,211.31836591448103,207.91296844482423
2025-08-01 00:00:00-04:00,210.23023901853355,212.93202387361225,200.8886714237977,201.76600646972656,104434500,0.0,0.0,-0.02500361855671096,209.6420397077288,208.1057154337565
2025-08-04 00:00:00-04:00,203.8895472057539,207.24933356384108,201.06813110178,202.7330780029297,75109300,0.0,0.0,0.004793035011813274,208.15941074916296,208.18381093343098
2025-08-05 00:00:00-04:00,202.7829065525681,204.7170232958933,201.5466782764192,202.3043670654297,44155100,0.0,0.0,-0.0021146570738387327,206.59844534737724,208.231000773112
2025-08-06 00:00:00-04:00,205.0061502968161,214.72657006985975,204.96626313259569,212.60302734375,108483100,0.0,0.0,0.050906762062084,206.48450578962053,208.66135813395184
2025-08-07 00:00:00-04:00,218.2159523061407,220.1799768073744,215.92292715514495,219.36245727539065,90224800,0.0,0.0,0.03179366736256095,207.73213849748885,209.27515716552733
2025-08-08 00:00:00-04:00,220.16003429974123,230.29917810781973,218.58482597462975,228.65419006347656,113854000,0.0,0.0,0.042357898901638213,210.6233411516462,210.21728973388673
2025-08-11 00:00:00-04:00,227.4864157407103,229.12329528601256,224.3324234952035,226.7478179931641,61806100,0.26,0.0,-0.008337359003931843,213.45299203055245,211.093217976888
2025-08-12 00:00:00-04:00,227.57622481823225,230.36092560837628,226.63802588155735,229.21310424804688,55626200,0.0,0.0,0.010872370357085881,217.37400599888392,211.9154037475586
2025-08-13 00:00:00-04:00,230.6304284784954,234.552944884794,229.99163136972763,232.88612365722656,69878500,0.0,0.0,0.016024473911425474,221.68158394949776,212.77195739746094
2025-08-14 00:00:00-04:00,233.61473725595164,234.6727183450988,230.41085227691244,232.3371734619141,51916300,0.0,0.0,-0.002357161460252777,225.97198486328125,213.45668029785156
2025-08-15 00:00:00-04:00,233.5548328767578,233.834298979768,228.9036945156081,231.1494140625,56038700,0.0,0.0,-0.0051122228170207284,228.62146868024553,214.06492309570314
2025-08-18 00:00:00-04:00,231.2592012143754,232.67649791960372,229.6722297518056,230.45074462890625,37476200,0.0,0.0,-0.0030225879499951036,230.20550973074776,214.76951344807944
2025-08-19 00:00:00-04:00,230.8400151681398,232.42698672077373,228.9136940815642,230.1213836669922,39402600,0.0,0.0,-0.0014292032878627792,230.41510881696428,215.46113128662108
2025-08-20 00:00:00-04:00,229.54248102593337,230.0315543310328,225.3404986724704,225.5800323486328,42263900,0.0,0.0,-0.019734590701623533,230.24828229631697,215.9638178507487
2025-08-21 00:00:00-04:00,225.8395414786139,226.0890658711696,223.3542730460458,224.47213745117188,30621200,0.0,0.0,-0.004911316333835347,229.57100132533483,216.38736979166666
2025-08-22 00:00:00-04:00,225.7397343895232,228.65417758009715,224.98118568943212,227.3267059326172,42477800,0.0,0.0,0.012716805363276906,228.77679879324776,216.94761454264324
2025-08-25 00:00:00-04:00,226.0491451945495,228.86378779922748,225.79962078901823,226.7278594970703,30983100,0.0,0.0,-0.002634298654397349,227.9754682268415,217.57230733235676
2025-08-26 00:00:00-04:00,226.438403395408,229.0534295301293,224.2625578823749,228.87376403808597,54575100,0.0,0.0,0.009464670754514737,227.65037536621094,218.2522466023763
2025-08-27 00:00:00-04:00,228.17510050695543,230.46073738560716,227.82576024347395,230.0515289306641,31259500,0.0,0.0,0.005145914812595631,227.59334455217638,218.93655090332032
2025-08-28 00:00:00-04:00,230.3809040856524,232.9659733126178,228.90370861616245,232.1175842285156,38074700,0.0,0.0,0.008980837064874292,227.8785160609654,219.69437561035156
2025-08-29 00:00:00-04:00,232.0676707602769,232.9360260407387,230.92984008944924,231.6983795166016,39418400,0.0,0.0,-0.0018060015285240594,228.75256565638955,220.3996780395508
2025-09-02 00:00:00-04:00,228.8138823959992,230.4108447009183,226.53822101083423,229.28298950195312,44075600,0.0,0.0,-0.010424716908628229,229.43983023507258,220.98126576741535
2025-09-03 00:00:00-04:00,236.75874463665696,238.395624134605,233.9141603097862,238.01634216308597,66427800,0.0,0.0,0.03808984120498149,230.96692112513955,221.79015909830733
2025-09-04 00:00:00-04:00,237.9963808412042,239.4436193831587,236.28964239378743,239.3238525390625,47549400,0.0,0.0,0.005493363876168722,232.766348702567,222.650944519043
2025-09-05 00:00:00-04:00,239.5434165987409,240.8609127003189,238.0362947520209,239.2340087890625,54870400,0.0,0.0,-0.00037540658420298634,234.2463836669922,223.52169545491537
2025-09-08 00:00:00-04:00,238.84475646782596,239.69313028194867,235.89038089866293,237.42745971679688,48999500,0.0,0.0,-0.007551389041256629,235.30008806501115,224.32823994954427
2025-09-09 00:00:00-04:00,236.54912730927947,238.3257397896772,232.9160527142261,233.9041748046875,66313900,0.0,0.0,-0.014839416284502027,235.55531529017858,225.0116923014323
2025-09-10 00:00:00-04:00,231.7482872752143,231.9778454619465,225.5201526853384,226.35855102539065,83440800,0.0,0.0,-0.03225946602106411,234.79248264857702,225.5360097249349
2025-09-11 00:00:00-04:00,226.44839058875493,230.0115911363252,226.21881717306923,229.59239196777344,50208600,0.0,0.0,0.014286365271970913,234.83668300083704,226.2418970743815
2025-09-12 00:00:00-04:00,228.78394562468256,234.0638755168574,228.5843291396984,233.62472534179688,55824200,0.0,0.0,0.01756300955560164,234.20930916922433,227.13137919108073
2025-09-15 00:00:00-04:00,236.549127145038,237.7368657054393,234.58287368836287,236.24969482421875,42699500,0.0,0.0,0.01123583763910907,233.77014378138952,228.2808354695638
2025-09-16 00:00:00-04:00,236.72878926810645,240.76111223381088,235.87043992435724,237.6969451904297,63421100,0.0,0.0,0.006125935389198034,233.5505632672991,229.44629770914713
2025-09-17 00:00:00-04:00,238.5153883976145,239.6432435766681,237.27774187166392,238.5353546142578,46508000,0.0,0.0,0.003527220020250743,233.7088339669364,230.65399729410808
2025-09-18 00:00:00-04:00,239.5134800259323,240.74113579799257,236.199788714976,237.42745971679688,44249600,0.0,0.0,-0.004644573125239804,234.21216038295202,231.48147837320963
2025-09-19 00:00:00-04:00,240.77107799962133,245.83144010441063,239.7530294205925,245.032958984375,163741300,0.0,0.0,0.03203293872010393,236.8799329485212,232.3371617635091
2025-09-22 00:00:00-04:00,247.82763635806887,256.15178189089505,247.64797087115,255.5928192138672,105517400,0.0,0.0,0.04309567281585802,240.59427969796317,233.23511606852213
2025-09-23 00:00:00-04:00,255.3932223520852,256.8504363399061,253.0975947938589,253.9459686279297,60275200,0.0,0.0,-0.006443258425658294,243.497314453125,234.141721089681
2025-09-24 00:00:00-04:00,254.73446948849343,255.2534845023776,250.5624136207024,251.8300018310547,42303700,0.0,0.0,-0.008332350414175016,245.7230725969587,234.89561767578124
2025-09-25 00:00:00-04:00,252.72829161839877,256.6807646844572,251.2311452680336,256.3813171386719,55202100,0.0,0.0,0.018072966979806315,248.39226858956474,235.6787907918294
2025-09-26 00:00:00-04:00,253.61660096533103,257.10994249251326,253.2972024297037,254.97401428222656,46076300,0.0,0.0,-0.005489100657377954,250.7406485421317,236.4333521525065
2025-09-29 00:00:00-04:00,254.0757261912774,254.5148915782133,252.52867184357527,253.9459686279297,40127700,0.0,0.0,-0.004031962461707783,253.1004355294364,237.1932373046875
2025-09-30 00:00:00-04:00,254.3751575512532,255.4331385813304,252.6284867333586,254.1455993652344,37704300,0.0,0.0,0.0007861150085717306,254.40224129813058,237.98306579589843
2025-10-01 00:00:00-04:00,254.55481135314997,258.29769267334166,254.44502000530687,254.9640350341797,48713900,0.0,0.0,0.003220341689918804,254.31241498674666,238.8111541748047
2025-10-02 00:00:00-04:00,256.09186667190835,257.68882891050583,253.66649683440303,256.6408386230469,42630200,0.0,0.0,0.00657662791005964,254.69739641462053,239.8465143839518
2025-10-03 00:00:00-04:00,254.18552630266564,258.7468246365968,253.46689477740225,257.5291442871094,49155600,0.0,0.0,0.003461279462880995,255.51155962262834,240.94841461181642
2025-10-06 00:00:00-04:00,257.49920544747016,258.5771679771474,254.56481112131075,256.2016906738281,44664100,0.0,0.0,-0.005154576259537191,255.48589869907923,241.9109141031901
2025-10-07 00:00:00-04:00,256.3214394907812,256.91031341337026,254.94405994391948,255.99208068847656,31955800,0.0,0.0,-0.0008181444267610916,255.63133675711495,242.88638814290366
2025-10-08 00:00:00-04:00,256.03198246417537,258.0281776413904,255.6227587977037,257.5690612792969,36496900,0.0,0.0,0.006160270999708617,256.14892142159596,243.842898050944
2025-10-09 00:00:00-04:00,257.3195337882977,257.50917476461467,252.6584199331141,253.55670166015625,38322000,0.0,0.0,-0.015577801150541859,256.0647931780134,244.62640380859375
2025-10-10 00:00:00-04:00,254.4550078501572,255.8922708493858,243.53581752909895,244.80340576171875,61999100,0.0,0.0,-0.034522045132806656,254.61327471051897,245.04926452636718
2025-10-13 00:00:00-04:00,248.9055871417832,249.2149949644775,245.09284695690997,247.18885803222656,38142900,0.0,0.0,0.009744359001401026,253.26299176897322,245.56561381022135
2025-10-14 00:00:00-04:00,246.1308726626428,248.37659224814223,244.2344780970313,247.29864501953125,35478000,0.0,0.0,0.0004441421356069508,251.8014918736049,246.1661356608073
2025-10-15 00:00:00-04:00,249.01537013681212,251.3409393203658,246.99920876557604,248.8656463623047,33893600,0.0,0.0,0.006336473629484196,250.75348554338728,246.52777913411458
2025-10-16 00:00:00-04:00,247.7777291727393,248.56621957555785,244.66366953460536,246.979248046875,39777000,0.0,0.0,-0.007579986804138628,249.4659380231585,246.782958984375
2025-10-17 00:00:00-04:00,247.5481624372989,252.89796599708643,246.79958926324147,251.81002807617188,49147000,0.0,0.0,0.019559457191237417,248.64321899414062,247.20215962727863
2025-10-20 00:00:00-04:00,255.4032084113237,263.87706298772724,255.143708503654,261.7411193847656,90483000,0.0,0.0,0.0394388237214669,249.81242152622767,248.01261494954426
2025-10-21 00:00:00-04:00,261.38182000576944,264.7853366806196,261.3318968470685,262.2701110839844,46695900,0.0,0.0,0.002021049273656983,252.3076651436942,248.95814615885416
2025-10-22 00:00:00-04:00,262.15033525743416,262.349966966352,254.94406918261987,257.9583435058594,45015300,0.0,0.0,-0.016440179021178225,253.8461630684989,250.0114725748698
2025-10-23 00:00:00-04:00,259.4454820834593,260.12418111371363,257.51916110368444,259.0861511230469,32754900,0.0,0.0,0.004372053262009956,255.53009251185827,250.99459788004557
2025-10-24 00:00:00-04:00,260.69310343226954,263.6275126875418,258.68691759501684,262.32000732421875,38253700,0.0,0.0,0.012481779466614773,257.45214407784596,251.95110727945965
2025-10-27 00:00:00-04:00,264.37609822840903,268.60802232244004,264.1465248140549,268.2986145019531,44888200,0.0,0.0,0.02279127405766279,260.49776785714283,253.01940460205077
2025-10-28 00:00:00-04:00,268.4782600095115,269.3765722048576,267.63986169210665,268.4882507324219,41534800,0.0,0.0,0.0007068103233436318,262.88037109375,254.04578145345053
2025-10-29 00:00:00-04:00,268.76770579477784,270.8936584399069,266.6018207191691,269.1869201660156,51086700,0.0,0.0,0.0026022346664624774,263.94405691964283,255.06750030517577
2025-10-30 00:00:00-04:00,271.4725408872279,273.6184749716116,267.969239224885,270.8836669921875,69886500,0.0,0.0,0.006303229091240592,265.17456490652904,256.18270721435545
2025-10-31 00:00:00-04:00,276.4630533049319,276.79244258078194,268.647962249571,269.85565185546875,86167100,0.0,0.0,-0.003795042898427692,266.87418038504467,257.01013031005857
2025-11-03 00:00:00-05:00,269.90556627002525,270.33474092754267,265.74348587775046,268.53814697265625,50194600,0.0,0.0,-0.004882257880291285,268.2244655064174,257.44164123535154
2025-11-04 00:00:00-05:00,267.8195068636227,270.9734988318123,267.11086611942017,269.5262756347656,49274800,0.0,0.0,0.003679658451690937,269.2539324079241,257.9609848022461
2025-11-05 00:00:00-05:00,268.0989800730272,271.18312844251227,266.4221834255846,269.6260986328125,43683100,0.0,0.0,0.0003703646251622672,269.4435729980469,258.55418802897134
2025-11-06 00:00:00-05:00,267.38037702601645,272.8798740142925,267.38037702601645,269.2567749023437,51204000,0.0,0.0,-0.0013697625428010785,269.55336216517856,258.9833699544271
2025-11-07 00:00:00-05:00,269.28671541495146,271.7719991063764,266.26248096015127,267.9592590332031,48227400,0.0,0.0,-0.0048188791892466165,269.3779820033482,259.4162114461263
2025-11-10 00:00:00-05:00,268.7085692371889,273.4741297822401,267.2099714283653,269.1781311035156,41312400,0.26,0.0,0.004548721603090611,269.1343340192522,259.9239501953125
2025-11-11 00:00:00-05:00,269.55775905965567,275.65206242273547,269.5477586519058,274.99267578125,46208300,0.0,0.0,0.02160110352909128,269.8681945800781,260.618852742513
2025-11-12 00:00:00-05:00,274.74292397164845,275.4722525277038,271.4460210796085,273.21435546875,48398000,0.0,0.0,-0.0064667915516215535,270.5362243652344,261.2271967569987
2025-11-13 00:00:00-05:00,273.85374352181776,276.4413491841305,271.83564282199285,272.6948547363281,49602800,0.0,0.0,-0.0019014401037990014,270.98887852260043,261.76233062744143
2025-11-14 00:00:00-05:00,270.7965900477885,275.702003472256,269.3479639093673,272.15533447265625,47431300,0.0,0.0,-0.00197847614027602,271.3501979282924,262.24987030029297
2025-11-17 00:00:00-05:00,268.5687054184609,270.2371271729127,265.48159771217263,267.2099609375,45018300,0.0,0.0,-0.01817114312581336,271.0577959333147,262.61681264241537
2025-11-18 00:00:00-05:00,269.7376065335732,270.4569347049811,265.0719890725528,267.19000244140625,45677300,0.0,0.0,-7.469218596389826e-05,270.9479021344866,262.9900767008464
2025-11-19 00:00:00-05:00,265.2817633125939,271.9555110777923,265.2517925781922,268.3089294433594,40424500,0.0,0.0,0.004187757744410714,270.82373046875,263.3480723063151
2025-11-20 00:00:00-05:00,270.5768036466949,275.17250947675234,265.67142054546326,266.0010986328125,45823600,0.0,0.0,-0.00860139398019577,269.53921944754467,263.76288553873695
2025-11-21 00:00:00-05:00,265.70137680880595,273.0744516711978,265.4216397990326,271.2361755371094,59030800,0.0,0.0,0.01968065895668869,269.2566223144531,264.64397786458335
2025-11-24 00:00:00-05:00,270.64675212306133,276.7410558404627,270.64675212306133,275.6620788574219,65585800,0.0,0.0,0.016317525903571717,269.6805114746094,265.5930852254232
2025-11-25 00:00:00-05:00,275.012667049666,280.1179060838009,274.9926967216935,276.7110900878906,46914200,0.0,0.0,0.0038054245067611348,270.33133370535717,266.57350006103513
2025-11-26 00:00:00-05:00,276.70108254872224,279.26868736786383,276.3714044558947,277.29052734375,33431400,0.0,0.0,0.002094015298321983,271.7714146205357,267.52099609375
2025-11-28 00:00:00-05:00,277.0008150112318,278.73917862681736,275.73198274965245,278.5893249511719,20135600,0.0,0.0,0.0046838874009274,273.39988926478793,268.5746653238932
2025-12-01 00:00:00-05:00,277.75011957449965,283.1550658399818,275.88187257202503,282.8353576660156,46587700,0.0,0.0,0.01524118957389331,275.47509329659596,269.608842976888
2025-12-02 00:00:00-05:00,282.7354345985028,287.1313151163589,282.36578537497866,285.9224548339844,53669500,0.0,0.0,0.010914820528252767,278.3210013253348,270.414887491862
2025-12-03 00:00:00-05:00,285.9324708384744,288.35019153510143,283.0351573834178,283.8843688964844,43538700,0.0,0.0,-0.007128107299873898,280.1278860909598,271.13536275227864
2025-12-04 00:00:00-05:00,283.83440686502166,284.46382276925783,278.32954829392816,280.4375915527344,43989100,0.0,0.0,-0.012141483369261685,280.8101021902902,271.8846710205078
2025-12-05 00:00:00-05:00,280.27774306596746,280.8771882481053,277.79005013345267,278.5193786621094,47265800,0.0,0.0,-0.006840070477014848,281.0684291294643,272.5324452718099
2025-12-08 00:00:00-05:00,277.8699843761556,279.4085531850005,275.8918244790692,277.6302185058594,38211800,0.0,0.0,-0.0031924534677664207,281.11695643833707,273.04278564453125
2025-12-09 00:00:00-05:00,277.8999627322321,279.7682096639769,276.6611317163261,276.9208679199219,32193300,0.0,0.0,-0.0025550193698475887,280.8786054338728,273.3301940917969
2025-12-10 00:00:00-05:00,277.490342786908,279.48847306800184,276.1815698919154,278.5193786621094,33038300,0.0,0.0,0.005772445948890148,280.2620370047433,273.66456502278646
2025-12-11 00:00:00-05:00,278.83908758708685,279.3286197507982,273.5540244422053,277.77008056640625,33248000,0.0,0.0,-0.0026902907054526803,279.097412109375,273.95067036946614
2025-12-12 00:00:00-05:00,277.64021728323,278.9589906850317,276.5612402656973,278.0198669433594,39532900,0.0,0.0,0.0008992558753764257,278.25962611607144,274.18854370117185
2025-12-15 00:00:00-05:00,279.8880911943856,279.8880911943856,272.5849275039148,273.8537292480469,50409100,0.0,0.0,-0.014985035929685031,277.31907435825894,274.3218129475911
2025-12-16 00:00:00-05:00,272.5649667835892,275.2424541197232,271.53593087885605,274.353271484375,37648600,0.0,0.0,0.0018241206270945831,276.72391619001115,274.5156504313151
2025-12-17 00:00:00-05:00,274.75292651919426,275.90184538512057,271.38608172110213,271.5858764648437,50138700,0.0,0.0,-0.010086976563313588,275.86043875558033,274.5843037923177
2025-12-18 00:00:00-05:00,273.35420232069225,273.374203136776,266.7004552212896,271.935546875,51630700,0.0,0.0,0.0012875132341485518,275.1482500348772,274.6612854003906
2025-12-19 00:00:00-05:00,271.8955859651445,274.34330788170604,269.64768928264715,273.4141845703125,144632000,0.0,0.0,0.005437456457254575,274.418936593192,274.79986572265625
2025-12-22 00:00:00-05:00,272.6048920133635,273.62395794129594,270.25711338978425,270.7166748046875,36571800,0.0,0.0,-0.0098660198257976,273.4113071986607,274.89177958170575
2025-12-23 00:00:00-05:00,270.5868091030317,272.2452609569047,269.30800689497966,272.1053771972656,29642000,0.0,0.0,0.005129726100470355,272.5663800920759,274.9893544514974
2025-12-24 00:00:00-05:00,272.085389177814,275.17249671786806,271.9455359163183,273.55401611328125,17910600,0.0,0.0,0.0053238158353827725,272.52356392996654,274.9413991292318
2025-12-26 00:00:00-05:00,273.9037084592662,275.1125687682936,272.6049054553,273.1444091796875,21521800,0.0,0.0,-0.0014973530252399003,272.35086931501115,274.93906758626304
2025-12-29 00:00:00-05:00,272.4350823114352,274.10350406329195,272.0954038139857,273.50408935546875,23715200,0.0,0.0,0.0013168132449112857,272.6248997279576,274.96604207356773
2025-12-30 00:00:00-05:00,272.5549704076282,273.82377221524894,272.0254670796708,272.82470703125,22139600,0.0,0.0,-0.002483993295382736,272.7519226074219,274.9883544921875
2025-12-31 00:00:00-05:00,272.80472532736104,273.42414083736213,271.4959524300237,271.6058349609375,27293600,0.0,0.0,-0.004467601499789753,272.4935869489397,275.1348836263021
2026-01-02 00:00:00-05:00,272.0054842546519,277.5802543100492,268.7485221479618,270.75665283203125,37838100,0.0,0.0,-0.003126523879828924,272.4992980957031,275.25377197265624
2026-01-05 00:00:00-05:00,270.38700744645297,271.25618925068443,265.89121426121545,267.0101623535156,45647200,0.0,0.0,-0.013837113287258118,271.7714102608817,275.2104797363281
2026-01-06 00:00:00-05:00,266.7503924619391,267.2998660934885,261.8749496989937,262.1147155761719,52352100,0.0,0.0,-0.018334308830022295,270.13722446986606,275.0809336344401
2026-01-07 00:00:00-05:00,262.95395138764474,263.4334831315393,259.5671060011504,260.08660888671875,48309800,0.0,0.0,-0.00773747740562758,268.2718244280134,274.7092814127604
2026-01-08 00:00:00-05:00,256.7797203952787,259.0476178563403,255.4609622909548,258.7978515625,50419300,0.0,0.0,-0.004955108337700187,266.17093331473217,274.1471405029297
2026-01-09 00:00:00-05:00,258.8377955175017,259.9667440583015,255.98048371428257,259.1275329589844,39997000,0.0,0.0,0.0012738954148727721,264.21419416155135,273.56102193196614
2026-01-12 00:00:00-05:00,258.9177364764393,261.05572011368304,256.5599267903311,260.0067138671875,45263800,0.0,0.0,0.0033928502238405045,262.5571768624442,272.9848948160807
2026-01-13 00:00:00-05:00,258.4781303943212,261.56523797230057,258.148452318208,260.8059387207031,45730800,0.0,0.0,0.0030738623692765366,261.1356462751116,272.3921152750651
2026-01-14 00:00:00-05:00,259.247418118488,261.57525710051715,256.4700180914029,259.71697998046875,40019400,0.0,0.0,-0.0041753602144793955,260.09376307896207,271.6215026855469
2026-01-15 00:00:00-05:00,260.40631875644857,260.7959687899761,256.8096782083212,257.9685974121094,39388600,0.0,0.0,-0.00673187624656213,259.50146048409596,270.68970743815106
2026-01-16 00:00:00-05:00,257.6589020182799,258.6579671912775,254.69167723491492,255.29112243652344,72142800,0.0,0.0,-0.010379073276537754,258.81639099121094,269.736599222819
2026-01-20 00:00:00-05:00,252.49373739571587,254.55180921698133,243.1924430560896,246.4693756103516,80267500,0.0,0.0,-0.03455563492367553,257.05518014090404,268.6043253580729
2026-01-21 00:00:00-05:00,248.4675090444481,251.3248360900433,244.9507953165175,247.41848754882807,54641700,0.0,0.0,0.003850831106810393,255.3824593680245,267.5676289876302
2026-01-22 00:00:00-05:00,248.96703988447877,250.76536025794263,247.9180183962477,248.1178436279297,39708300,0.0,0.0,0.0028266120532467465,253.68404933384485,266.5838831583659
2026-01-23 00:00:00-05:00,247.0888078223564,249.176850391454,244.45126111041236,247.80812072753903,41689000,0.0,0.0,-0.001248289505752398,251.82721819196428,265.61345825195315
2026-01-26 00:00:00-05:00,251.24490015634893,256.32015295784896,249.5664780183616,255.17123413085935,55969200,0.0,0.0,0.029712962519965025,251.17782592773438,264.83518676757814
2026-01-27 00:00:00-05:00,258.92771692213245,261.7051166970889,257.96859246831417,258.0285339355469,49648300,0.0,0.0,0.011197578028024235,251.18638828822546,264.17713521321616
2026-01-28 00:00:00-05:00,257.409147241713,258.61800761819165,254.2720830679268,256.2002868652344,41288000,0.0,0.0,-0.007085445328186779,251.31626892089844,263.44981587727864
2026-01-29 00:00:00-05:00,257.75880668092503,259.4072580677027,254.17216647920577,258.0385437011719,67253000,0.0,0.0,0.007175077196164281,252.969007219587,262.9226430257161
2026-01-30 00:00:00-05:00,254.9314433110553,261.6551472598355,251.94423313215475,259.2374267578125,92443400,0.0,0.0,0.0046461394466286166,254.65742710658483,262.4187815348307
2026-02-02 00:00:00-05:00,259.7869174093499,270.2371306501278,258.9676766447768,269.7575988769531,73913400,0.0,0.0,0.04058122413384724,257.74882071358815,262.3578389485677
2026-02-03 00:00:00-05:00,268.9483513556569,271.6258386480508,267.3598109321867,269.22808837890625,64394700,0.0,0.0,-0.0019629122599374993,260.8088160923549,262.26759033203126
2026-02-04 00:00:00-05:00,272.03545112075,278.68922850453845,272.03545112075,276.23150634765625,90545700,0.0,0.0,0.026012954335186356,263.8174264090402,262.3615010579427
2026-02-05 00:00:00-05:00,277.86999494352693,279.2387093202658,272.97458180817284,275.6520690917969,52977400,0.0,0.0,-0.0020976508564164442,266.3350742885045,262.52601420084636
2026-02-06 00:00:00-05:00,276.8609202349588,280.6473855638201,276.6710954236804,277.8599853515625,50453400,0.0,0.0,0.008009793893585249,269.42931692940846,262.71783447265625
2026-02-09 00:00:00-05:00,277.9100036621094,278.20001220703125,271.70001220703125,274.6199951171875,44623400,0.26,0.0,-0.01166051394653178,271.798095703125,262.7533671061198
2026-02-10 00:00:00-05:00,274.8900146484375,275.3699951171875,272.94000244140625,273.67999267578125,34376900,0.0,0.0,-0.003422920610733904,273.861319405692,262.77121988932294
2026-02-11 00:00:00-05:00,274.70001220703125,280.17999267578125,274.45001220703125,275.5,51931300,0.0,0.0,0.0066501292492171515,274.6816624232701,262.83775024414064
2026-02-12 00:00:00-05:00,275.5899963378906,275.7200012207031,260.17999267578125,261.7300109863281,81077200,0.0,0.0,-0.049981811301894274,273.61050851004467,262.4679270426432
2026-02-13 00:00:00-05:00,262.010009765625,262.2300109863281,255.4499969482422,255.77999877929688,56290700,0.0,0.0,-0.022733396848946263,270.6888645717076,261.9403991699219
2026-02-17 00:00:00-05:00,258.04998779296875,266.2900085449219,255.5399932861328,263.8800048828125,58469100,0.0,0.0,0.031667863563111576,269.00714111328125,261.7111775716146
2026-02-18 00:00:00-05:00,263.6000061035156,266.82000732421875,262.45001220703125,264.3500061035156,34203300,0.0,0.0,0.0017811172199722058,267.07714407784596,261.6225056966146
2026-02-19 00:00:00-05:00,262.6000061035156,264.4800109863281,260.04998779296875,260.5799865722656,30845300,0.0,0.0,-0.014261469431454121,265.07142857142856,261.57134806315105
2026-02-20 00:00:00-05:00,258.9700012207031,264.75,258.1600036621094,264.5799865722656,42070500,0.0,0.0,0.015350373037534393,263.7714276994978,261.72112731933595
2026-02-23 00:00:00-05:00,263.489990234375,269.42999267578125,263.3800048828125,266.17999267578125,37308200,0.0,0.0,0.006047343656806037,262.4399980817522,261.9671986897786
2026-02-24 00:00:00-05:00,267.8599853515625,274.8900146484375,267.7099914550781,272.1400146484375,47014600,0.0,0.0,0.022390946489790453,263.92714146205356,262.4009480794271
2026-02-25 00:00:00-05:00,271.7799987792969,274.94000244140625,271.04998779296875,274.2300109863281,33714300,0.0,0.0,0.007679856784716499,266.5628574916295,262.87505798339845
2026-02-26 00:00:00-05:00,274.95001220703125,276.1099853515625,270.79998779296875,272.95001220703125,32345100,0.0,0.0,-0.004667610137537803,267.8585728236607,263.2798604329427
2026-02-27 00:00:00-05:00,272.8099975585937,272.8099975585937,262.8900146484375,264.17999267578125,72366500,0.0,0.0,-0.03213049693728531,267.8342851911272,263.4286275227865
2026-03-02 00:00:00-05:00,262.4100036621094,266.5299987792969,260.20001220703125,264.7200012207031,41827900,0.0,0.0,0.002044093269336189,268.4257158551897,263.65367431640624
2026-03-03 00:00:00-05:00,263.4800109863281,265.5599975585937,260.1300048828125,263.75,38568900,0.0,0.0,-0.0036642536122324376,268.30714634486606,263.93563690185545
2026-03-04 00:00:00-05:00,264.6499938964844,266.1499938964844,261.4200134277344,262.5199890136719,39803100,0.0,0.0,-0.004663548763329417,267.78428867885043,264.4706573486328
2026-03-05 00:00:00-05:00,260.7900085449219,261.5599975585937,257.25,260.2900085449219,49658600,0.0,0.0,-0.00849451684471103,266.0914306640625,264.8997080485026
2026-03-06 00:00:00-05:00,258.6300048828125,258.7699890136719,254.3699951171875,257.4599914550781,41094000,0.0,0.0,-0.010872553678353492,263.69571358816967,265.2111129760742
